"94583499721281536, 'talent99'"
"125542033245863936, 'starrPOWerJinx'"
"153639583232294912, 'Nangwaya'"
"155442840954994689, 'Kitchik'"
"174886806347710464, 'Fisis'"
"181481772897271808, 'Felleraris'"
"184644884576075776, 'Shinobu'"
"189803245646905344, 'Fragrkull'"
"221675822925217793, 'Brotege'"
"229622951085867008, 'Shima kanzaki'"
"235140094938447874, 'Sanity'"
"236390307846029313, 'Etzrel'"
"239824321286111252, 'UnseenAsian'"
"244504449853292544, 'smoking-_-hippy'"
"248057912990236672, 'ManedWolf'"
"259762390491463691, 'Fedjen.Dagger'"
"259765354434134016, 'Saeraer'"
"263802270792155148, 'Leland'"
"263839945142042627, 'Lucja'"
"268543538990546944, 'kanariefant'"
"275280442884751360, 'puffdip'"
"298912358112165888, 'Scottish Highlander'"
"300361556787593217, 'Falcon_Z'"
"300776711124025354, 'BotZilla'"
"301431803494006786, 'Quincy'"
"302061752995020800, 'Weetikniet'"
"365970293916958730, 'kanariefant'"
"393455856391421962, '2BotZilla'"
"394877069336510474, 'warriorsv'"
"345536738552446977, 'F.'"
"209748326449414147, 'Sandvich'"
"165842032927965185, 'Manga-Kun üê¢'"
"338583601920606209, 'RustyPlayz'"
"205494894188429312, 'Elphelt'"
"163466881804533760, 'Sinmana'"
"356099868638445578, 'Zero'"
"394080286461263873, 'FireBAsic'"
"331609909823012875, 'Trinity'"
"275786526749753345, 'yokohama'"
"264677494282649600, 'EggBot'"
"313932847788326913, 'ExtremeDie'"
"346503822803468290, 'KAUO_LAG'"
"266182553520570368, 'BioBot'"
"266915298664382464, 'ValentinHacker'"
"341825573259182080, 'SapphireBot'"
"198382248427257856, 'ArtistiK'"
"315790220589006848, 'PSN- nightcrawler_abi'"
"389084820795555841, 'FaTOP Bot'"
"324256154723287041, 'calaxo'"
"261788054967025664, 'redstonepro23'"
"259851762868027403, 'SamTEC'"
"234699930038435842, 'osheaaddy'"
"134073775925886976, 'MathBot'"
"328865883848048640, 'knight'"
"389493821043376130, 'Lorris'"
"264166609642323978, 'Im-Lop'"
"170827016558346240, 'Azratosh'"
"367771390423597058, 'TomeN'"
"134331323807563777, 'Woah'"
"271992863175344130, 'oto.braz'"
"194878164344897537, 'Whimsiccal'"
"340154951764410368, 'tamicul'"
"315218270015848452, 'Blaker'"
"387381842581520396, 'MaudDib53'"
"286575393262141441, 'Supersebi4'"
"177478276447600640, 'WORMS le Tweaker'"
"273178665922199554, 'The Truth'"
"395211272737652736, 'Ash'"
"308211505688739841, 'ChilloutBot'"
"211121021531586570, 'Thomas'"
"394491164272754700, 'Superbot3 v2.0'"
"380533190940688394, 'dragonguard'"
"357581481054306305, 'Pingu'"
"321126371189587968, 'why helo my nam is empty box'"
"355405830239289355, 'Javier'"
"223081973252489216, 'd  J GREGORIO'"
"294130710455910402, 'clumsyrose'"
"235811067278786560, 'Gymnette'"
"150850271059116033, 'McSpazz‚Ñ¢'"
"314647339480645633, 'Christming84'"
"202359193389236233, 'Agg'"
"323938676147224576, 'CR7Playz YT'"
"334518390624354304, 'NODEJScheeze'"
"384623978028859392, 'Quantum Bot'"
"217638865001775107, 'Configuration'"
"193346128467591169, 'Mr_Verb'"
"330231092026146817, 'The Firewolves'"
"297476605507272705, 'Yves'"
"388859625585508376, 'Robo Rat'"
"334111611528675328, 'ahsanhabib'"
"325345339383218183, 'Leon'"
"111996864089358336, 'nach000'"
"272342053889769473, 'Kirby101'"
"394237935165112340, 'Krispy'"
"358598636436979713, 'UltimateGDBot'"
"335251160384405524, 'kris'"
"187857968581050369, 'FreeApp2014'"
"302158493589438465, 'XynoMetriX'"
"208946659361554432, 'Toasty'"
"221639205355388928, 'Physo'"
"329955935776931840, 'GasterGaming'"
"387674748122824707, 'gerry'"
"371561301190901762, 'uttam'"
"246323248361504768, '‡πñÃ∂Ã∂Ã∂€£€£€ú€úÕúŒ∂ÕúÕ°Codecrafter123 ‚úÖ'"
"223769466973061120, 'Fakie'"
"197475714226847745, 'Winter'"
"151780927066865664, 'P TheDank‚ñà‚ñÄ‚ñà ‚ñà‚ñÑ‚ñà ‚ñÄ‚ñà‚ñÄ'"
"364450695459373077, 'Bobbie'"
"196115225651576832, 'Lunar'"
"337941828093476866, 'Agent Brick'"
"138781703500988417, 'Caesura'"
"242708779429396481, 'benjimaub'"
"112625916781277184, 'yama'"
"269178862229913602, 'ClawHunter'"
"188799395100229632, 'xs'"
"384119910713786370, 'rendel-bot'"
"135404999680196608, 'ollaxe'"
"240411602032001024, 'Ashiato'"
"265376408451153920, 'taco ib'"
"374292343274078208, 'Trinity Beta'"
"389176869250924545, 'The_BIG'"
"271345746337333248, 'À¢‚Åø·µÉ·µè·µâ^'"
"294858976410206208, 'K_Thax'"
"345517656557748225, 'Isomer'"
"176135620240998400, 'miyuki'"
"346134506396188673, 'qwerty'"
"222853335877812224, 'ServerHound'"
"270149861398151169, 'Ahri Fox'"
"272805720834179074, 'Clam Boy'"
"394181832536489984, 'TestBot'"
"341958485724102668, 'UniQ'"
"226364885532016640, 'lilomino'"
"340191122490130432, '·¥ã·¥è…¥·¥õ Ä·¥Ä'"
"218951317677146112, 'Slugbait'"
"369865846186835978, 'Limitless'"
"302500456918286338, '„É°„É™„ÇØ„É™„ÄÅ„É°„É™„ÇØ„É™ÔΩû! ÊèêÁù£„ÄÅ„É°„É™„ÇØ„É™„Å†„Çà! „ÅØ„ÅÑ'"
"242248435921715200, 'Mazzida'"
"350849227473027082, 'TheIronChicken'"
"187505816079695872, '1a4blazeit'"
"228222809132761088, 'raw0w'"
"291174425099763712, 'greensunset'"
"357462016551550977, 'Pickaname;'"
"346561628482961409, 'Nikky Amresh'"
"140652945032216576, 'raatty'"
"188614474167484416, 'TricksR'"
"193021560792154112, 'Akashic Bearer'"
"366714414516273152, 'Medgonta'"
"387990049712504833, 'TimsAwesomeBot'"
"299697487252553741, 'Senpo'"
"121444437694873600, 'JOAT'"
"275749595139538955, 'Bye'"
"283479932745678848, 'Fake Jim'"
"259826747929788417, 'ÎëêÎûå'"
"92664421553307648, 'Usara'"
"185355304429551617, 'BioCat'"
"374555474688868355, 'DICER'"
"392531245667450900, 'ShinoriTheLoli'"
"367151171418456078, 'Joseph Hardrock'"
"136590340629987328, 'EpicMelon'"
"178318490355105792, 'BenH'"
"393108755975372802, 'TestBot'"
"267587855545663492, ';w;'"
"311323874119647242, 'Douglas'"
"272614963892453378, 'MarshallMR5'"
"358679384661426178, 'ü§îthinkypikachuü§î „Ç∏'"
"155771567547088896, 'Roukaysa'"
"189577948146171904, 'Vyrus'"
"211098424655740929, 'Vulcan'"
"304317672370208768, 'Aqex'"
"100058712856600576, 'Masteil'"
"199312062164369408, 'Rendel'"
"358306357264515073, 'mahehe'"
"261900651230003201, 'themoddeddr'"
"177393521051959306, 'flifloo'"
"310462240501268480, 'Superbot3'"
"368925081734479875, 'TruDev'"
"361579212571672578, 'unfunny bot'"
"310798814317379585, 'Iwasaki Yu'"
"319162903569891330, 'xKwazyKyle'"
"254324552388182016, 'Phantasm'"
"388984732156690433, 'Yash'"
"231473140029587456, 'gdprofiles'"
"182228573795516426, 'Penguin118'"
"258218652497608704, 'LunarCoffee'"
"251151391261720578, 'bloky246'"
"361948178573950985, 'Full Gamer'"
"327879674552254464, 'DoctorWombat'"
"108731887329005568, 'Ratosai'"
"190385488660660224, 'BloxBall'"
"108984022851391488, 'Seppuku'"
"199886632399273984, 'Calynxx'"
"269143184486039554, 'Í£∫Í£∫Í£∫Í£∫Í£∫Í£∫'"
"389179492335091713, 'Racemic'"
"386416554646175745, 'DiveshDRS'"
"143193139249807362, 'Dave'"
"277467072534020107, 'Philipe'"
"389530468325785603, 'Charles Jones'"
"176524720152379393, 'Edgar'"
"232716975397273600, 'Maddox'"
"156484695083843585, 'Theo0907'"
"360022804357185537, 'Pegasus'"
"138708896121487360, 'Axxou'"
"331053004910362624, 'Alleria'"
"231020031725535232, 'seb the guguss'"
"295983018147840001, 'Utkarsh'"
"381033391421652998, 'Shibuya'"
"307235664460644363, 'smileyface12349'"
"286601488703291395, 'Joe'"
"331511078246678540, 'Samaritan'"
"152940679247429632, 'mello'"
"137542299080065024, 'Idopvp'"
"388273713721901056, 'Atikrant Negi{Gamma}'"
"272431228542517250, 'DiscordX Dev'"
"273127851392499712, 'AneZ'"
"259401853228417027, 'Oxygen^'"
"312716873953181696, 'cimak'"
"207219816317059072, 'Saggytarius'"
"365898834456346624, 'DotNet'"
"210406406073876480, 'LateNate'"
"160755492358979584, 'Wabbit'"
"80528701850124288, 'R. Danny'"
"269678631050018826, 'Frostmeister'"
"242887101018931200, 'Supersebi3'"
"315406752944488458, 'Undefined'"
"391359974321684511, 'LunarBot'"
"198604997729058817, 'Holographic Hatter'"
"185896894113906688, 'Octopusghost'"
"303480787100106752, 'MrBlob'"
"316637608623210496, 'BEHUMBLE'"
"266878162749620224, 'TheBot27'"
"279457105407377410, 'adi2k17'"
"364434763882430464, 'Tato'"
"110305095215788032, 'nano'"
"386858885992153101, 'Down-To-Earth-Command'"
"164945231173779456, 'Aeris'"
"153286414212005888, 'ETLegacy‚Ñ¢'"
"93150338114125824, 'Sydney'"
"389626040453955595, 'Kavi'"
"311367735777165314, 'Lykannnn'"
"127382643187646464, 'Alphum'"
"252828878521761792, 'Soveriegnty'"
"229278271693520896, 'Dead_Meme'"
"343890342023659532, 'Phantom-Tms'"
"389286877133537290, 'LitchBot'"
"394619943439826964, 'temp'"
"316753306519207937, 'Quadester'"
"247386559450578954, 'Kueen'"
"291013022288445451, 'HOLIDAY FINN'"
"150948779028119552, 'Spectral'"
"230743781345853440, '„ÄåÔΩöÔΩÅÔΩÉÔΩîÔΩàÔΩÖÔΩÑÔΩíÔΩÅÔΩáÔΩèÔΩé„Äç'"
"257212056095162398, '[SH] CCost [P]'"
"315826602187554816, 'Kitsunetsuki'"
"392337139309871106, 'Harshit'"
"249526477207502848, 'AxrianSlays'"
"110453095409934336, 'FP'"
"235057023471845377, 'All'"
"214435734088581122, 'miljaÂ•Ω'"
"265353078276882433, 'Moo'"
"122818209635237888, 'redstone.tehnik'"
"276814392039833600, 'Luca'"
"387313805945995265, 'niro'"
"268128526262075392, 'WinterDruid76'"
"331193270275145761, 'furryferret3'"
"193372699731427328, 'üéÖFrobba ClausüéÅ'"
"254214302653743104, 'LitchSchist'"
"302074964666875907, 'gergsemag'"
"363009380163125258, 'console'"
"239493437089513474, 'TheFoxBot'"
"246417739093114880, 'ItsTorch'"
"140567098257571840, 'AEIOU'"
"144496261234425856, 'Luuk'"
"182511196778266624, 'jasper'"
"219218963647823872, 'Yappy, the Github Monitor'"
"269547068681486336, 'Celaena'"
"272448829989847051, 'Martijn'"
"290916162936766464, 'tehnumberone'"
"295558928287268875, 'P!nky'"
"336471941328142336, 'PBE-BotZilla'"
"336554364699279362, 'Test_object_server_8350'"
"343549587853803531, 'BotZillaV2'"
"379679390835015692, 'test_BotZilla_V2'"
"382250323118653441, 'DC01'"
"390075260940320779, 'BotZilla Version2'"
"277821700555538434, 'henko7'"
"300702002336497674, 'Olav Lecluse'"
"345994349966000128, 'bas'"
"355730736252190720, 'wilco555'"
"357584151886692354, 'henk'"
"362225943688904704, 'Milan013'"
"301815023423193090, '‚ñ∫‚Ñã‚ÑØ‚Ñí‚Ñí‚ÑÇ‚Ñ¥—°‚óÑ'"
"213646128753672192, 'Wadu Hek'"
"329925685596651520, 'Barry'"
"299094152669560842, 'Mad Baddie'"
"297392505295601667, 'Pucke'"
"224258366669717504, 'W A L L E E'"
"274994977627570176, 'DezkoN ;'"
"133245920383991809, 'Ville'"
"369119998540644362, 'jerrrrrrrrry'"
"254719097680560139, 'lucas k'"
"226393343385403403, 'System'"
"201727596864602113, 'Ludde'"
"263369790154866688, 'ALX05'"
"251808450231664641, 'Hejmannenn'"
"155149108183695360, 'Dyno'"
"292704241544462336, 'KillenMedSpelet'"
"170894933278982144, 'CSGO-STATS.NET'"
"263305182060871680, 'WhataKickMan'"
"318390716311142401, '-Knugen-'"
"389050686324604939, 'Edwin'"
"246295710742478848, 'D0gge'"
"295942394774290433, 'eksweden'"
"303072659003146241, 'nilsson06'"
"294502804192755713, 'Amir =DD'"
"287583602726666240, 'JarMou'"
"168452319720112129, 'robƒ±n'"
"367006016216498179, 'Tricky Hunter'"
"304977251953278976, 'q33'"
"301400633922158592, 'BogeyedB21'"
"257067903277334529, 'Oscar'"
"150566744178688000, 'MrGister'"
"279757224295792640, 'Ambrosi'"
"358693584058449934, 'F R A Z Y'"
"228550171888320513, 'Teou'"
"262523065290719233, 'Oskar'"
"193723023868559361, 'siri'"
"110462073074388992, 'WildBot'"
"299950869011759122, 'Sm1le'"
"360838311754858499, 'TheCSGOMan159'"
"305322505793568768, 'anden'"
"276737357695418378, 'addin'"
"279560492949700608, 'bekicchi'"
"203297705139765248, 'Dreameh'"
"277521275008843796, 'alex'"
"336578620791455754, 'Deathsage'"
"274973519597797377, 'Lena'"
"121271042504130560, 'Kalecia'"
"338730097307680768, 'Chromefalcon'"
"123847215268495360, 'Tatsu'"
"212983023488991234, 'Kicchie'"
"184405311681986560, 'FredBoat‚ô™‚ô™'"
"251414511897018369, 'Jon'"
"158287821705052160, 'Rasengan'"
"216670546132336640, 'Ronster'"
"242663951656026122, 'zoutepinda'"
"196757957315133440, 'CuntWaffle'"
"251371889639948288, 'üíÄ„ÄêÊò®Â§ú„ÄëüíÄ'"
"185760621227278337, 'Milku'"
"157946655696486400, 'Smorelover'"
"263702607959293953, 'Aquila'"
"169950004209778689, 'Nightflower'"
"206536176931176448, 'ConorMcLovin'"
"260413152343228416, 'Maureenn'"
"125606377811869696, 'Soul'"
"176469519793913856, 'blushu'"
"270389509894438913, 'Meow'"
"277558548412628993, 'Motherflippin'"
"264087705124601856, 'Nitro'"
"185462256866164736, 'Vyxlose'"
"253968125857366017, 'Ls'"
"278368916240334848, '„Åü„Åè„Çì'"
"246384193423015936, 'Tanchan'"
"152536952921522176, 'Linus'"
"244112403040567297, 'Hisoka'"
"147825027788570624, 'TwistedTube'"
"170903342199865344, 'NotSoBot'"
"171935190766059520, 'Kevin'"
"175969485453393921, 'Sven Versfeppen'"
"183228195158491136, 'Jorrit de Porrit'"
"185419208933376000, 'Ferry'"
"185433600299106304, 'Horsefighter'"
"185476724627210241, 'Ayana'"
"189702078958927872, 'ErisBot'"
"193023750008995840, 'Stjinchan'"
"199043581732847616, 'PuriBot'"
"200576333489635328, 'PolyCitral'"
"202692887551541248, 'LegendLarry V2.0'"
"209662572289327105, 'Tom | BABB'"
"214148172468060160, 'Phenominiels'"
"214148537586417684, 'Trustles'"
"225306702705197057, 'colourfullcloud'"
"226049335614242817, 'Dino'"
"232916519594491906, 'hime hime'"
"253206279411990528, 'Kakuli'"
"256371287323049984, 'niekavoird'"
"260861695533121537, 'EpicSlayer'"
"271331228928442369, 'pitchblack3'"
"273878842236731392, 'Ravenholmes'"
"322460968519073793, 'Blazer'"
"154930414673199104, 'xAeroFeed'"
"252164945955782656, 'Vitor o Pinante do Porto'"
"277148644958797824, 'velebor'"
"196920669303341056, 'KehKeh'"
"141916238082342912, 'Adam'"
"163373796923801602, 'mana'"
"177844514726084608, 'JFA'"
"237264543720407051, 'Chewie123'"
"178464917177761800, 'Syloph'"
"192290975899451392, 'xNRDN'"
"135815098294861825, 'MysteryManO'"
"159044509823533056, 'Darien'"
"222071018359881729, 'Raoul'"
"387004869875204111, 'Pablo'"
"253644279463936002, 'The BeerTurtle'"
"297446210736750592, 'Benny'"
"253277483368054786, 'garweezy'"
"321391710905303041, 'Bublica'"
"270904126974590976, 'Dank Memer'"
"200650668271206400, 'Cringy'"
"252530325383675904, 'Elentyara'"
"251028991861981184, '-üíï- JulEx -üíï-'"
"261062973592829952, 'santosh'"
"329698069312700417, 'Couer arci'"
"277982338795700226, 'Tri-Edge'"
"207856043215159296, 'Duvelke'"
"249547933421142016, 'konsti99'"
"272418803722485760, 'Senzuu'"
"211994441106325504, 'AradiaBot <3'"
"208978648382832642, 'gt'"
"265542046553604096, 'Brownelmoo'"
"266989153747468288, 'life is a prank'"
"246366785195081738, 'HeyImChilou'"
"327519480521555968, 'jesus'"
"306866344475885568, 'DEATH'"
"284790568813330435, 'Lilith Bloodlust'"
"180760316253175808, 'TooAutisticToFunction'"
"272127431006093313, 'Meliss'"
"259809786269401089, 'Whimsicaldewdrop'"
"178244463712403456, 'Gamblr'"
"200272872474673154, 'Dr.Fischkopp'"
"159985870458322944, 'Mee6'"
"240482527695994880, 'Baron'"
"227851173506318336, 'Grezyks'"
"286554244281270274, 'Benny'"
"207494477978402816, 'mox'"
"299952373873377283, 'petitchaton'"
"239631525350604801, 'Pancake'"
"312654110992236554, 'Garweezy'"
"143140506464026624, 'pheebe'"
"141589087273353217, 'Deadunder'"
"308209053312614402, 'jh'"
"363449259846270983, 'daddy'"
"280336848188997634, 'Polomolo'"
"289471131205763072, 'nemo'"
"282575698554519553, 'Askyfingy'"
"301796525670137876, 'jurekavcic5'"
"167355739323498497, 'Dracidio'"
"160814463149146112, 'Nykoja'"
"270198738570444801, 'dabBot'"
"233798859812372501, 'bzezel'"
"366626527481430016, 'M4zt2lik'"
"212920348134342656, 'Eaterr'"
"196401326744272903, 'DooMeDMyStIc'"
"152755322635812864, 'bra1nz'"
"289899640323702787, 'M4zt2lik'"
"206671764829241354, 'Echidna'"
"136118371954458626, 'Frey'"
"218359741712171008, 'VENDS COMPTE LOL'"
"76936770872160256, '[Error] Name Not Found.'"
"207964592377298946, 'KINGKL4US'"
"233809317327929358, 'Ziya'"
"235263066009370625, 'SySliver'"
"269335900477980674, 'GroggyBear1342'"
"272239284096991232, 'Fear he who fears no one'"
"284935189904490496, 'Rylan'"
"287467411798622210, 'iiiiiiii'"
"297573203445022720, 'BatosaiSlasher'"
"300671177628712960, 'Heppy'"
"304060317866917888, 'Roha'"
"304130319877931018, 'Zunny'"
"307350138970701836, 'kingofrot'"
"321924680296431616, 'YukiiYurii'"
"321950574234828800, 'Ginchy'"
"185419761428070400, 'Justus'"
"311542188372918273, 'Robbie'"
"343391218924781569, 'Pablo Jam-ez'"
"112809544635166720, 'Superherobearz'"
"159854962346688521, 'Frankiboy1369'"
"247790143648301057, 'zellnix'"
"257534320414162944, 'Naza'"
"346702553964216321, 'nickpalme'"
"250434265056149504, 'SaveMyWeed From Pedobeer'"
"204704070504546306, 'Jack_The_Vac'"
"200000680457404416, 'LionDot'"
"357945816356225024, 'TheBurgerDude'"
"179647868213133322, 'MasterForcer'"
"347126268577447939, 'Blacklantern'"
"298940921553092618, 'Kevin'"
"303730326692429825, 'OldSchool RuneScape Bot'"
"349982176495796234, 'LukeWarmMouse'"
"340540150448914433, 'Hellion'"
"180402198763667456, 'DAVE'"
"175285270764191744, 'SpoonDatMelon'"
"305731965951410176, 'Short'"
"256350072181096448, 'fantazuiper'"
"134296343886823424, 'Mettlife'"
"152891116042190851, 'Nick'"
"349242770105303044, 'Ti-Ta-Tovenaar'"
"195643361493909514, 'moso'"
"160718467207659520, 'Kreekz'"
"262277887825018880, 'Kallemy'"
"253116727083139072, 'cptHarrie'"
"233584336866115584, 'boomy'"
"186555694592425999, 'CombatCaesar98'"
"323249676935495692, 'WTF NINJA'"
"176728351543787520, 'Hank Handsome'"
"96696461005193216, 'sexysly'"
"221243794023120896, 'QuinnyP'"
"224912871614709774, 'lassyXD'"
"232276540820291584, 'Wiz'"
"227524254424498177, 'üéÉ Allexio üéÉ'"
"300945934702084096, 'SophieDucks'"
"279383976458846222, 'tbijk'"
"194445663029821440, 'Lavdi'"
"370721489839718400, 'Br0mmi'"
"214985089707278337, 'Clickbait'"
"207244772765597724, 'Classified'"
"180713407446646784, 'AFKmaffeman'"
"149253060793860096, 'TwiistedEra'"
"181823009206566912, 'Thunderbear'"
"336201526299328514, 'Tbijk'"
"250712835284402177, 'QUTADAH'"
"338058289868701697, 'drew_whu'"
"250942507532288000, 'AzizDragon'"
"267753429420474368, 'Mitsore'"
"261844450995601408, 'Duck2k'"
"200248035945480192, 'Wrotslav'"
"232074205280206858, 'LudensEkko'"
"345285227897421825, 'thomas the train'"
"172703726123876353, 'ü§°Clownü§°'"
"356891499775918081, 'School boi'"
"246287143603929098, 'Zharokiid'"
"361126392345264128, 'AddicTuber'"
"194225604982210560, 'Barbaneth'"
"173035279983181824, 'Akuma'"
"172066817181876224, 'Ma$$oN'"
"197398366420860930, 'Chamassan'"
"278587680407945217, 'larry'"
"229919845733498880, 'brokenwings9'"
"269159754092380170, 'bboyace1'"
"285063513854967819, 'Soul'"
"246369697057079306, 'DefinitelyNotMellow'"
"270612029394386944, 'Bumtious'"
"366257839058059265, 'Thekrabbman'"
"177050014684676096, 'Paranoia'"
"251065383581122571, 'Omae wa mou....'"
"178917920276086785, 'Aki Is My Waifu'"
"164457600803405824, 'TheSandwichBoy'"
"208624221654351872, 'Looorenz'"
"351676794090422272, 'Faeryall'"
"344417629186031617, 'Thekrabbman'"
"87035499960598528, 'Zenterlox'"
"95939820425080832, 'Akki'"
"158205497634324480, 'carlemar'"
"197123517060349952, 'terry'"
"241288025496223745, 'jm3'"
"265240571172487168, 'Freddie'"